{
  "project_info": {
    "project_number": "783236985079",
    "firebase_url": "https://ladm-u3-ejercicio3.firebaseio.com",
    "project_id": "ladm-u3-ejercicio3",
    "storage_bucket": "ladm-u3-ejercicio3.appspot.com"
  },
  "client": [
    {
      "client_info": {
        "mobilesdk_app_id": "1:783236985079:android:6587d672ccb8a13b46e3f2",
        "android_client_info": {
          "package_name": "mx.tecnm.tepic.ladm_u3_ejercicio3"
        }
      },
      "oauth_client": [
        {
          "client_id": "783236985079-klb3ut4752q4rr9ig6eld36kc8a0ukq1.apps.googleusercontent.com",
          "client_type": 3
        }
      ],
      "api_key": [
        {
          "current_key": "AIzaSyDfyyESwh1u-0zTSUrW4Gq_lhrkAUMmGhM"
        }
      ],
      "services": {
        "appinvite_service": {
          "other_platform_oauth_client": [
            {
              "client_id": "783236985079-klb3ut4752q4rr9ig6eld36kc8a0ukq1.apps.googleusercontent.com",
              "client_type": 3
            }
          ]
        }
      }
    },
    {
      "client_info": {
        "mobilesdk_app_id": "1:783236985079:android:5b0f078122c05ae346e3f2",
        "android_client_info": {
          "package_name": "mx.tecnm.tepic.ladm_u3_ejercicio4"
        }
      },
      "oauth_client": [
        {
          "client_id": "783236985079-klb3ut4752q4rr9ig6eld36kc8a0ukq1.apps.googleusercontent.com",
          "client_type": 3
        }
      ],
      "api_key": [
        {
          "current_key": "AIzaSyDfyyESwh1u-0zTSUrW4Gq_lhrkAUMmGhM"
        }
      ],
      "services": {
        "appinvite_service": {
          "other_platform_oauth_client": [
            {
              "client_id": "783236985079-klb3ut4752q4rr9ig6eld36kc8a0ukq1.apps.googleusercontent.com",
              "client_type": 3
            }
          ]
        }
      }
    },
    {
      "client_info": {
        "mobilesdk_app_id": "1:783236985079:android:ffdc6294477b1ae846e3f2",
        "android_client_info": {
          "package_name": "mx.tecnm.tepic.ladm_u3_practica2_erickcuriel"
        }
      },
      "oauth_client": [
        {
          "client_id": "783236985079-klb3ut4752q4rr9ig6eld36kc8a0ukq1.apps.googleusercontent.com",
          "client_type": 3
        }
      ],
      "api_key": [
        {
          "current_key": "AIzaSyDfyyESwh1u-0zTSUrW4Gq_lhrkAUMmGhM"
        }
      ],
      "services": {
        "appinvite_service": {
          "other_platform_oauth_client": [
            {
              "client_id": "783236985079-klb3ut4752q4rr9ig6eld36kc8a0ukq1.apps.googleusercontent.com",
              "client_type": 3
            }
          ]
        }
      }
    }
  ],
  "configuration_version": "1"
}